<!--
This file is part of the pestudio solution (www.winitor.com)
It contains the list of "Well-Known Resources" MD5 detected as blackListed. 
-->
<xml version="1.0" encoding="utf-8">

  <resources>
    <resource id="0" type="1" name="10">9169CFD16C29D67C272110C98D99FAA0</resource>
    <resource id="0" type="1" name="10">E90C0F3F64201C4ABE053F03685227E6</resource>
    <resource id="0" type="1" name="10">3F503C5B58D429020C13B8777C90A0A7</resource>
    <resource id="0" type="1" name="10">BB8A97C30CCF21CEA5B65C1B3437A9CF</resource>
    <resource id="0" type="1" name="10">18DEEB86648B4AD4CBB54CE7A0BAC23A</resource>
    <resource id="0" type="1" name="10">D8614B4527F37ADD0DEA8A1EB6602D9A</resource>
    <resource id="0" type="1" name="10">DC8828ACADF7FC1E3B5243E98F28BA2E</resource>
    <resource id="0" type="1" name="10">F1F8DD2BE32FEE1DFEFA05931FF3F741</resource>
    <resource id="0" type="1" name="10">1C9152CA4E98467F2222373A31895656</resource>
    <resource id="0" type="1" name="10">E296BDC5D85FE5D9FC98A84E8CE20646</resource>
    <resource id="0" type="1" name="10">4959293BE73FF9ED16CFA3DA2238E7EA</resource>
    <resource id="0" type="1" name="10">6702B90C5864ADCDC8B47E5A6AD12F41</resource>
    <resource id="0" type="1" name="10">C3394A1B82898C219C212D17996EFE8E</resource>
    <resource id="0" type="1" name="10">4AA1872BD44D4C27324219547CEA292A</resource>
    <resource id="0" type="1" name="10">3549F68D2766BBE560F0817CCFB10623</resource>
    <resource id="0" type="1" name="10">444F0DDD1F84957AD323A5BA2AFBE5FA</resource>
    <resource id="0" type="1" name="10">DE01111B81541B4B2A428B79B24045A0</resource>
    <resource id="0" type="1" name="10">EB85FA5580E17004196AEEB718F4D5E1</resource>
    <resource id="0" type="1" name="10">17BC0DF705FF9093929AEB5DE3ED569B</resource>
    <resource id="0" type="1" name="10">E6B2E03204104703F2F52B5421D630D9</resource>
    <resource id="0" type="1" name="10">9231C7349D760F77D38CB0901AF078B0</resource>
    <resource id="0" type="1" name="10">B8FBBD3E478611354B749068A7EBEF70</resource>
    <resource id="0" type="1" name="10">30834EC3CF0FA7F523DCBACFCB29F96B</resource>
    <resource id="0" type="1" name="10">5EA49897E04010D41CA8BA23302FC4F3</resource>
    <resource id="0" type="1" name="10">64580AF1E3B4739E5FB8EC58B79EE7F8</resource>
    <resource id="0" type="1" name="10">137F549D5CA7B9FBE85D17C2CDE1947D</resource>
    <resource id="0" type="1" name="10">C618C9640E539622E4A3789E801B1867</resource>
    <resource id="0" type="1" name="10">A1FE17D347B1156212CDC11E9007B60C</resource>
    <resource id="0" type="1" name="10">87296F8F8BE3838BD1578CC933115352</resource>
    <resource id="0" type="1" name="10">1899BCC2D01CF773F8DE7D36D4CF71BE</resource>
    <resource id="0" type="1" name="10">6A037D68D7AE1E10FB5177AE00A3E53F</resource>
    <resource id="0" type="1" name="10">E4D0A554CCB5BC70AE04708BAE42290B</resource>
    <resource id="0" type="1" name="10">1A214429314D7FBAB656C908BCD70FD2</resource>
    <resource id="0" type="1" name="10">1193E37985638AE509758B0E30309D1B</resource>
    <resource id="0" type="1" name="10">9E23E43D5B35D0AFF563F63A1FC9CB09</resource>
    <resource id="0" type="1" name="10">57C5E491FD1F4766D507333A194A8F92</resource>
    <resource id="0" type="1" name="10">6F8AF2B9EEC13BD7E3CC7CCD947BE9C7</resource>
    <resource id="0" type="1" name="10">B6873B8CFD1CF8890AE2616CD92A48C2</resource>
    <resource id="0" type="1" name="10">6F8AF2B9EEC13BD7E3CC7CCD947BE9C7</resource>
    <resource id="0" type="1" name="10">B6873B8CFD1CF8890AE2616CD92A48C2</resource>
    <resource id="0" type="1" name="10">6F8AF2B9EEC13BD7E3CC7CCD947BE9C7</resource>
    <resource id="0" type="1" name="10">B6873B8CFD1CF8890AE2616CD92A48C2</resource>
    <resource id="0" type="1" name="10">242FE4BAE927CF380507169339294131</resource>
    <resource id="0" type="1" name="10">909D03DE4694F7A8EC4FFE5FA24A3152</resource>
    <resource id="0" type="1" name="10">664BA9A824DCE9261944F773912B39C2</resource>
    <resource id="0" type="1" name="10">E3382B6A21544C03B23552E84043A733</resource>
    <resource id="0" type="1" name="10">02EF9E192F55B1B970B5A894C068C5DC</resource>
    <resource id="0" type="1" name="10">6C17A1B99ACD02374AF61B396361B430</resource>
    <resource id="0" type="1" name="10">D14591DA67A51E346B91E7600656AEA7</resource>
    <resource id="0" type="1" name="10">011C6ED16ACB4DC46B4DF44005FB5EC3</resource>
    <resource id="0" type="1" name="10">22643A9505A56B069EB4B371611EACD8</resource>
    <resource id="0" type="1" name="10">D4742746CD02263535B0E1A250256B46</resource>
    <resource id="0" type="1" name="10">BC4C88DCB309E3C4740E1E2488E94D93</resource>
    <resource id="0" type="1" name="10">BE743AEB7A0B66DB50D4B4BCA06F25D3</resource>
    <resource id="0" type="1" name="10">9B0D8E918F4D74B60D88F00F68565875</resource>
    <resource id="0" type="1" name="10">FF9DA435637956C5E80B0845C9EA4D36</resource>
    <resource id="0" type="1" name="10">154BC0506D993EDC97B2F5103C052009</resource>
    <resource id="0" type="1" name="10">1B2A520AF7D2B911FA80AD122B5032F4</resource>
    <resource id="0" type="1" name="10">399D1914A61AA0E1330757AE645DED7E</resource>
    <resource id="0" type="1" name="10">FBC89C665E149B5CF1865EF48FB8D916</resource>
    <resource id="0" type="1" name="10">79438F24B4D1B5FC1978FD55612E9B5B</resource>
    <resource id="0" type="1" name="10">C7548B9FAE303DB9D12C921A9AE60FFA</resource>
    <resource id="0" type="1" name="10">B00CB5CDFD5BE17756EF9ABC01198C07</resource>
    <resource id="0" type="1" name="10">DBF94E02F2BE7BC54E4D68841C86700B</resource>
    <resource id="0" type="1" name="10">A5C21062D577BE7E18F5C53596A1A509</resource>
    <resource id="0" type="1" name="10">6B9EB151A1F11F98EF3A42B65DF4699B</resource>
    <resource id="0" type="1" name="10">A2434F1408690B727C7643C77375F431</resource>
    <resource id="0" type="1" name="10">479019C4B33CD047E7616BE11C259C88</resource>
    <resource id="0" type="1" name="10">F20C08B113FC6ED06851D8B950904B05</resource>
    <resource id="0" type="1" name="10">3C8EF3403E591C4DCA44D8FCE418C38E</resource>
    <resource id="0" type="1" name="10">CBBD546133D0B02BA583C65413C6BC6F</resource>
    <resource id="0" type="1" name="10">55EC6C603E56E6DB01A6F3894B402C73</resource>
    <resource id="0" type="1" name="10">F22C1D8389B0377620FF1BBC10D3AE80</resource>
    <resource id="0" type="1" name="10">6C442AE314625F3D64854A7C1CBA36F5</resource>
    <resource id="0" type="1" name="10">1E3BD999F3727EDE7FEC53EE1FDA98A1</resource>
    <resource id="0" type="1" name="10">B0BB1475C896C2AF080C296425694A90</resource>
    <resource id="0" type="1" name="10">7EA944FF867D7A5F5E61ADCE6C8FC93F</resource>
    <resource id="0" type="1" name="10">6129A042CACD74E0F0C81FBE14C3AE58</resource>
    <resource id="0" type="1" name="10">D5F92E469B8C5167407304F2D8874BAB</resource>
    <resource id="0" type="1" name="10">A2254D71F30DD4CD7E8DCDE0BE16C763</resource>
    <resource id="0" type="1" name="10">358F214E250968CC031C55939688E620</resource>
    <resource id="0" type="1" name="10">CEB01C8C564F22F5998FAF96B24C3EAE</resource>
    <resource id="0" type="1" name="10">4CBFE99178EFDA38EBA3DF3CB048AF62</resource>
    <resource id="0" type="1" name="10">1BA3F98E7C4AB9389DBF32009B4FC2E4</resource>
    <resource id="0" type="1" name="10">81A51D91E4D5D2F3CAC667407DD0F10C</resource>
    <resource id="0" type="1" name="10">572F311EA3C45509E5174758BEC84C67</resource>
    <resource id="0" type="1" name="10">D217A9BB52ECA606D83E7A5D653C96F6</resource>
    <resource id="0" type="1" name="10">03D5E7392D047800CDD3AA5695508BD9</resource>
    <resource id="0" type="1" name="10">2448C3A71B68242B42E44F5A07933800</resource>
    <resource id="0" type="1" name="10">1A973D5420B563AEC9730631842C3100</resource>
    <resource id="0" type="1" name="10">B4AA26F1F89BEB4F11A6A3E226A1E056</resource>
    <resource id="0" type="1" name="10">EDD239647A6FA9551AAA2DA58BE866C9</resource>
    <resource id="0" type="1" name="10">D5E93D437E309149B11D2E82AB1E4F11</resource>
    <resource id="0" type="1" name="10">E92159842313FB935BA3D4522F93E107</resource>
    <resource id="0" type="1" name="10">D0FF39BB38F7D10B09EB154761CBF703</resource>
    <resource id="0" type="1" name="10">97E6E94A014A210407000E326EEC7C52</resource>
    <resource id="0" type="1" name="10">8A3E32532E6992D762B208FBF8AC750B</resource>
    <resource id="0" type="1" name="10">EBE292D6C56A61E2CAB05756855F65BF</resource>
    <resource id="0" type="1" name="10">35EF65177428564AC61813783F423CC6</resource>
    <resource id="0" type="1" name="10">D6328D4D0753D321206E3EDD55A91C56</resource>
    <resource id="0" type="1" name="10">C13D23D023ECF90CB99DAC5BD29B9313</resource>
    <resource id="0" type="1" name="10">91871906ECE08557583327828337273B</resource>
    <resource id="0" type="1" name="10">13B5EB244C1D36EC97FE15A77576652B</resource>
    <resource id="0" type="1" name="10">460671DD981DDEE71BCAF56A34831442</resource>
    <resource id="0" type="1" name="10">7EFD59FC12887001E0317BC646551050</resource>


    <resource id="1" type="1" name="20">C931EB3CE69DD95FC1FCB47C3F73658B</resource>
    <resource id="1" type="1" name="20">F3CB9D43BE7149A07EFDD32E72168B97</resource>
    <resource id="1" type="1" name="20">A5DF136449E71051E787F7F2564B8158</resource>
    <resource id="1" type="1" name="20">C3FEC2C43E7DFD935C90940D55BC274A</resource>
    <resource id="1" type="1" name="20">58E1ED2B09B80CD6CEE38D26C90BFFEF</resource>
    <resource id="1" type="1" name="20">6413D97BEE274B598C29084EE4C947AF</resource>
    <resource id="1" type="1" name="20">726B2EA4D3A3C18FAB8B9A70A926FCBA</resource>
    <resource id="1" type="1" name="20">A510252295828679049879AC3B32E26F</resource>
    <resource id="1" type="1" name="20">344B352D9BFAB34DDFD5B9E3EBA40924</resource>
    <resource id="1" type="1" name="20">94AE24A5A7CD8C7D665E21082C1F82BD</resource>
    <resource id="1" type="1" name="20">5FF19ADD2BBFD24900C30590B723BCA2</resource>
    <resource id="1" type="1" name="20">D453E2532C0E8AE4B2EC15E220B522D3</resource>
    <resource id="1" type="1" name="20">3232EDF7C55B0C69281E8C14081F3005</resource>

    <resource id="2" type="1" name="32">5E0424A037ED1CF4B86D9CAED970DFF9</resource>
    <resource id="2" type="1" name="32">E90A939E1107E27E1D95C25E2EB0F65A</resource>
    <resource id="2" type="1" name="32">44B38E737F03387A86DB70708B9C5C4A</resource>
    <resource id="2" type="1" name="32">4C7576E8F541BB3E4915569E56509AE1</resource>
    <resource id="2" type="1" name="32">7684234AAE030B0E361B77C545F619AD</resource>
    <resource id="2" type="1" name="32">30678F5B06BC441A5BD8ED2848236144</resource>
    <resource id="2" type="1" name="32">C50E91E6D59210580879F7BC5BD36D62</resource>
    <resource id="2" type="1" name="32">011BDE7B9C82D9453B7222950F92B18B</resource>
    <resource id="2" type="1" name="32">489350E7DBC2BD241EEEAF928C84198B</resource>
    <resource id="2" type="1" name="32">A0873ADC85C929C39F54B1E889C20411</resource>
    <resource id="2" type="1" name="32">02F5AA301D295FA4EE30646E84CCDC84</resource>
    <resource id="2" type="1" name="32">619569EE7F33365F88C67E5792ED5545</resource>
    <resource id="2" type="1" name="32">4AAC2B52C5AC1670EBDE434FD25A57E3</resource>

    <resource id="3" type="1" name="40">A6A1FC387776122DA43D5D1FFC73AB14</resource>
    <resource id="3" type="1" name="40">7537DC8AA212AE903A8CBA12E73C2819</resource>
    <resource id="3" type="1" name="40">A26CAEE6F15E6536BC4DD217227D313D</resource>
    <resource id="3" type="1" name="40">D9BBB1FC017CAF205D9A1092B05A8931</resource>
    <resource id="3" type="1" name="40">5F8E7F65DDE26797265FF08C20E0F50E</resource>
    <resource id="3" type="1" name="40">A20A4A65692AB511B9DC51AA02028B27</resource>
    <resource id="3" type="1" name="40">2D8A3FDED4712D6AC221F9878E6A74FF</resource>
    <resource id="3" type="1" name="40">5735C880F81FDECB98E3FB900933C3D5</resource>
    <resource id="3" type="1" name="40">BB1FD2B9E0171148E824D98C02CC6E82</resource>
    <resource id="3" type="1" name="40">FE0A80ADF462320DD46C4B02C7BD1041</resource>
    <resource id="3" type="1" name="40">3CA321CD8113E0B8FEF6993E8E3B8759</resource>
    <resource id="3" type="1" name="40">F33E761C82E8FCD44C5841ACF8EBDC81</resource>


    <resource id="4" type="1" name="50">5F8E7F65DDE26797265FF08C20E0F50E</resource>
    <resource id="4" type="1" name="50">A20A4A65692AB511B9DC51AA02028B27</resource>
    <resource id="4" type="1" name="50">11D5D480A7B2C686AC2189DD34B9DB40</resource>
    <resource id="4" type="1" name="50">ADDB99E27F9A3CAAD37DFA6D93824EFE</resource>
    <resource id="4" type="1" name="50">39997C551CBD6B80C680353B064EFB23</resource>
    <resource id="4" type="1" name="40">B2859863B159FCEFC043467ED11417D9</resource>

    <resource id="5" type="1" name="60">2C67143AFC3909B3EACA8C11C187C904</resource>
    <resource id="5" type="1" name="60">095C4AE7800A5BAF13B314129421C290</resource>
    <resource id="5" type="1" name="60">4C367C5E16D12F80995F3B1CF127244E</resource>
    <resource id="5" type="1" name="60">2F75B7DEFE46ACAC49BA80826711E295</resource>
    <resource id="5" type="1" name="60">53EE7373CC8C75AC0B3E2651EE6C2397</resource>
    <resource id="5" type="1" name="60">840AA4B2D92E1643D5A3368E83794D58</resource>

    <resource id="6" type="1" name="70">24799CA590D42134E7103B06D46FD960</resource>
    <resource id="6" type="1" name="70">E6C5053BA1C848D7E16701A2D08FB8C6</resource>

    <resource id="7" type="1" name="100">A1ED7997BD50C296AAB05FCC8388A4E0</resource>
    <resource id="7" type="1" name="100">8A992A1952774487BD0C0C6B7B1388F8</resource>
    <resource id="7" type="1" name="100">60BF656112A8DA82519EF19AEB9F5E3B</resource>
    <resource id="7" type="1" name="100">56860B98C85BB21038F01C1E194E6460</resource>
    <resource id="7" type="1" name="100">2DBF9CC24FA6009561FAF807C21C0FBB</resource>
    <resource id="7" type="1" name="100">8AE2737AE3E04FDF0082602BFDB29102</resource>
    <resource id="7" type="1" name="100">06B51ACA3C7CE72714A04676359E72C3</resource>
    <resource id="7" type="1" name="100">BC0D13EF4C056308DE3F06C5D45EDA52</resource>
    <resource id="7" type="1" name="100">44C8C8006607D2BEFB077C0D606E00A9</resource>
    <resource id="7" type="1" name="100">9CE845F74F9BCAE467F9437D7B05EF11</resource>
    <resource id="7" type="1" name="100">E6E0262EF4FF2CAC9437DC0B1611C133</resource>
    <resource id="7" type="1" name="100">4275F915E6034CDCB5F606B6DFDDAD7D</resource>
    <resource id="7" type="1" name="100">03CA4863E2106A76D71E870B44E78D28</resource>
    <resource id="7" type="1" name="100">ECEB823490EBCD43AE2B6FFF8C9F87ED</resource>
    <resource id="7" type="1" name="100">467D35B1994FF99564D9C582BDA6BEDE</resource>
    <resource id="7" type="1" name="100">A058DA3DFD64D65AC7395DA49AB9798B</resource>
    <resource id="7" type="1" name="100">9C8CC2C612B616A435C747A92A4C3F2D</resource>
    <resource id="7" type="1" name="100">7F1B5216B92533AF64D2649ED7A0C776</resource>
    <resource id="7" type="1" name="100">7F1B5216B92533AF64D2649ED7A0C776</resource>
    <resource id="7" type="1" name="100">EE62326BEE5D061EC1106369DC7FBBC0</resource>
    <resource id="7" type="1" name="100">D0AA6B4D0CE81668F70DDCD94339F156</resource>
    <resource id="7" type="1" name="100">F2797CB14A4023810217A1C77C5710C5</resource>
    <resource id="7" type="1" name="100">8815C3B9C9BF1D41229ACAEC22728387</resource>
    <resource id="7" type="1" name="100">1D6E85FDF0E89434EF4F5387F40693D6</resource>
    <resource id="7" type="1" name="100">7B85CAEFFE313D9A1B1431E3ED805A5A</resource>
    <resource id="7" type="1" name="100">B56D4711501D1B40EA415E105D9137A7</resource>
    <resource id="7" type="1" name="100">B5F9D009156EBE07FB0F25C148E4A2A5</resource>
    <resource id="7" type="1" name="100">FB983256140DD7C07A7957A5AB4DB997</resource>
    <resource id="7" type="1" name="100">1DAFFB0D65AB793FAFCE375E6F8C93C4</resource>
    <resource id="7" type="1" name="100">157E93F142DA0938BDFBEC079B473809</resource>
    <resource id="7" type="1" name="100">B0681B3B4F35D66F842EC45712278844</resource>
    <resource id="7" type="1" name="100">BA94CA63109CE80F7FF07F8B32F48BAD</resource>
    <resource id="7" type="1" name="100">BACA0BD675B44B8DB1263E690E15ACBE</resource>
    <resource id="7" type="1" name="100">BCA790B2BD380D03C12F6DB36844201B</resource>
    <resource id="7" type="1" name="100">07719E9A1BFE3BDB00653C03C9646064</resource>
    <resource id="7" type="1" name="100">DEE90234C613EA3A55C056BB02687B1C</resource>
    <resource id="7" type="1" name="100">5AAC683855FE0EE3DBE9B1B2B36B5ECE</resource>
    <resource id="7" type="1" name="100">29C7D5A955774F1B28CA51ED4538B931</resource>
    <resource id="7" type="1" name="100">DB89345020D2E729450B05DF74BB2E99</resource>
    <resource id="7" type="1" name="100">6E21109C959B09A054871214E7A2EB64</resource>
    <resource id="7" type="1" name="100">29E12D9AB0E6DEDE8395C14600FAAA14</resource>
    <resource id="7" type="1" name="100">D7A0796C0EB65BCE03FC7E9302132F50</resource>
    <resource id="7" type="1" name="100">E05DADD071C308E892B2CDD494A92B4F</resource>
    <resource id="7" type="1" name="100">3B1785B7485D77046F2BD14DD2D02D4E</resource>
    <resource id="7" type="1" name="100">B80CBC64CB6E6ACF2BCEF757D3BE7B47</resource>
    <resource id="7" type="1" name="100">35D0626505772B37FE3A883310D91D7A</resource>
    <resource id="7" type="1" name="100">F918A9311FC55AA02733653E783EAF71</resource>
    <resource id="7" type="1" name="100">E46C30C58F3CB44E236643F6EB6E85E5</resource>
    <resource id="7" type="1" name="100">B796C796B3D8AC08799CBC5A4D104F9F</resource>
    <resource id="7" type="1" name="100">846A77216562E12267837F95A0AD51C7</resource>
    <resource id="7" type="1" name="100">99E5D6E15B7BA7337B6996D7FBE938EC</resource>
    <resource id="7" type="1" name="100">A449F658F94FCAD046CD45CDC227F656</resource>
    <resource id="7" type="1" name="100">282E7F4F550128BD16EAD0885EDA40C1</resource>
    <resource id="7" type="1" name="100">C167923A143FCDC75DA6F69D71AA3937</resource>
    <resource id="7" type="1" name="100">E3049F65F3ABC5632E8A18707645785F</resource>
    <resource id="7" type="1" name="100">DC066CB931F579D516A1A37EF7D1A661</resource>
    <resource id="7" type="1" name="100">D81A2466D8410C5ECC212F99BA3AFB7E</resource>
    <resource id="7" type="1" name="100">BB1A64D7B7F2BB8D709978857A7BA08A</resource>
    <resource id="7" type="1" name="100">00CFA6576E567CF775AD0567817685CA</resource>
    <resource id="7" type="1" name="100">2BD1617E44BB44DB5F26DCEAC89C9B1E</resource>
    <resource id="7" type="1" name="100">3F3A5A5B0D794E4B144C63C100CC57C2</resource>
    <resource id="7" type="1" name="100">99419B12B8F7519179FCE2C8F083A092</resource>
    <resource id="7" type="1" name="100">7E179152E2AE85BBAB0A0DDF1D4067CD</resource>
    <resource id="7" type="1" name="100">4612876C7FDCFEC715337F0D167E6CAA</resource>
    <resource id="7" type="1" name="100">8B8DE9C0798619DD7C151D951999FE57</resource>
    <resource id="7" type="1" name="100">5101F6FB77200F2C4647607F8D807607</resource>
    <resource id="7" type="1" name="100">39710FE2245A6211FC13C5DF75223B57</resource>
    <resource id="7" type="1" name="100">D4C60781C5DF23D788C62B1FB2968CC2</resource>
    <resource id="7" type="1" name="100">EB3A2CB47E8054B73D66E1D8E716009F</resource>
    <resource id="7" type="1" name="100">2C2D5464A4233F4C255DE05F46701B33</resource>
    <resource id="7" type="1" name="100">4A1546C9E094A221D6BA88BF4EAA3728</resource>
    <resource id="7" type="1" name="100">08A537E9415A81733C1648B5F568D2F7</resource>
    <resource id="7" type="1" name="100">75A0B1A202814178CB553CD89A739B0F</resource>
    <resource id="7" type="1" name="100">8A2672BB14DEB958210FBC05C30145F4</resource>
    <resource id="7" type="1" name="100">F7FE951D84798F911C72F1E0F871B56C</resource>
    <resource id="7" type="1" name="100">B6C6FA376FA6DF020D146DF0A6763482</resource>
    <resource id="7" type="1" name="100">6FC9EAE77EF4637E10DD3ABED06137D3</resource>
    <resource id="7" type="1" name="100">9C96D4E394E3C1DE27E9CEC412D43F96</resource>
    <resource id="7" type="1" name="100">2F56E8C9647325B52A2F40DE4D21EE0E</resource>
    <resource id="7" type="1" name="100">17969F580FF0C708428DCA3E948405EC</resource>
    <resource id="7" type="1" name="100">1E178242A43451F4E99A7D99A425C3EF</resource>
    <resource id="7" type="1" name="100">1B18459A10D22AFC628779631DD377ED</resource>
    <resource id="7" type="1" name="100">FAC5759F56FE23412DD8408882BDA5AD</resource>
    <resource id="7" type="1" name="100">623599656EF92AB06FB114D5BD89FC80</resource>
    <resource id="7" type="1" name="100">A39E2C6AB70ED5954F52FE31F7CB9647</resource>
    <resource id="7" type="1" name="100">08674C0389647BCCE7A0C7B2A2385F86</resource>
    <resource id="7" type="1" name="100">5CD093BE7B5B80F8F9BED61174E747DF</resource>
    <resource id="7" type="1" name="100">AF072272EC49043084EAA03D85413C41</resource>
    <resource id="7" type="1" name="100">19B41C0049693AD063140564A05A15D4</resource>
    <resource id="7" type="1" name="100">583F03DF62CED4CE8FCE473E03A45AF8</resource>
    <resource id="7" type="1" name="100">FA66DB1B92E0DF9EE1B2968AEFCD2BC7</resource>
    <resource id="7" type="1" name="100">996969D9DD9B639D44504388D7B0128E</resource>
    <resource id="7" type="1" name="100">CB89BB646689F03BBF0B69470DA1FEB6</resource>
    <resource id="7" type="1" name="100">91E76CEA5EF0C6C4973CF6A025FB9AAA</resource>
    <resource id="7" type="1" name="100">DAC5F0C754C4ED921E10792E6942FF23</resource>
    <resource id="7" type="1" name="100">CF8B63BBBFE18A2B7266E74D8989F0B5</resource>
    <resource id="7" type="1" name="100">F730C64DAAE0131A358FF51541E691CC</resource>
    <resource id="7" type="1" name="100">B07E1536B478EA6B806C9263414BD9F7</resource>
    <resource id="7" type="1" name="100">D522598072DC48BB6AEF6F0BB40B4CC2</resource>
    <resource id="7" type="1" name="100">1BA76EAB257E68B286E564CBE07DCD26</resource>
    <resource id="7" type="1" name="100">5BCA57194380C34002C0DD086A242EE7</resource>
    <resource id="7" type="1" name="100">A0F1A9E664389E2FAE01C9519598ABBF</resource>
    <resource id="7" type="1" name="100">AD4CDD3A5337E568D3F55E8F024B4526</resource>
    <resource id="7" type="1" name="100">C219F66CFCCF208C3D9272B32C90A4EE</resource>
    <resource id="7" type="1" name="100">17DE37ED86693CDA2140F01B194B5557</resource>
    <resource id="7" type="1" name="100">A4FDE844456B29D6850DAF42A5807672</resource>
    <resource id="7" type="1" name="100">D6312274160C34503BC625F9598F8E43</resource>
    <resource id="7" type="1" name="100">380E8FA64D4DF8BA3F817E81C1087CBB</resource>
    <resource id="7" type="1" name="100">7EE265D09E41EF3139D93B7050D10DBD</resource>
    <resource id="7" type="1" name="100">53DF7815DD9AD3493275650237CB6BD8</resource>
    <resource id="7" type="1" name="100">6CC3E2A7D3200766361CCE948CC2F693</resource>
    <resource id="7" type="1" name="100">EDB68DFA3A0C4F34D1C2B24FE84CCE32</resource>
    <resource id="7" type="1" name="100">80591A4642B92F1A9CBCD69A23111809</resource>
    <resource id="7" type="1" name="100">D5AE730A7B7B2BB8E560FF844C93B49E</resource>
    <resource id="7" type="1" name="100">69D95E2689633F96263753675856A576</resource>
    <resource id="7" type="1" name="100">0DCE307B9A89BCF569E3AEF9FDA2DB7F</resource>
    <resource id="7" type="1" name="100">77307C66ADA4BD02BFAD41A837011DEB</resource>
    <resource id="7" type="1" name="100">6835F4C66937B5E1ACACF8839AFE6E52</resource>
    <resource id="7" type="1" name="100">60B7EE275052309CFE13AC808ED31B51</resource>
    <resource id="7" type="1" name="100">F227C2ABF18E255A547FCF87615B8E01</resource>
    <resource id="7" type="1" name="100">BF163EDA3408D4EA99E1C49DE22BB4BF</resource>
    <resource id="7" type="1" name="100">A75DBC888460875868739C709251BA83</resource>
    <resource id="7" type="1" name="100">62C69EE86977F85A5883180553AADC18</resource>
    <resource id="7" type="1" name="100">55189FF66957A034473AC7084B153CC1</resource>
    <resource id="7" type="1" name="100">FB585460A906CF7229C078029C20E3E7</resource>
    <resource id="7" type="1" name="100">12EC2FC8D86C65116BE55ADCD388DA88</resource>
    <resource id="7" type="1" name="100">D7416167A3F1B4F5F2025F7E98D9C4DA</resource>
    <resource id="7" type="1" name="100">057D1ED62042EF154B2430DFEC4D9A28</resource>
    <resource id="7" type="1" name="100">75A9DD706983E639CE995713F0C8F81F</resource>
    <resource id="7" type="1" name="100">AA9F1D12DA051B3C7E0677F15F7187B5</resource>
    <resource id="7" type="1" name="100">2C5034D947E301BCAED257F1782281C4</resource>
    <resource id="7" type="1" name="100">368D2E77FE3952DACCDCEF3BF254A9C8</resource>
    <resource id="7" type="1" name="100">D4BA95484230181AF6BB70A658043FF3</resource>
    <resource id="7" type="1" name="100">29D6C17E6CD15BFC90009AAA138D3864</resource>
    <resource id="7" type="1" name="100">ABA82F41761F8A60CDE98838C6A552FC</resource>
    <resource id="7" type="1" name="100">F2C0BDDEDFAC53630A528BC2FEEBF2DC</resource>
    <resource id="7" type="1" name="100">A66AA3EA7848A5729A4D2EBEC5F9426D</resource>
    <resource id="7" type="1" name="100">95F41B1D89E6AD15EC5012F74D49D7DE</resource>
    <resource id="7" type="1" name="100">E8C2EA04B31E3E8E9E0EFB76E7E51615</resource>
    <resource id="7" type="1" name="100">740B18E8E0D70DB3D0A5EC1D4B2883DF</resource>
    <resource id="7" type="1" name="100">2A8F5C47916544CF12DF6F971D4BF804</resource>
    <resource id="7" type="1" name="100">1075512898849EAF97D4E54B0FDE1E50</resource>
    <resource id="7" type="1" name="100">00FB241D750DA51E810E5DF59E922900</resource>
    <resource id="7" type="1" name="100">AB03342B57FAF4B4FC9244E3A9118E7A</resource>
    <resource id="7" type="1" name="100">5E9E6BB6D9F5E46D32089F5A228C40F5</resource>
    <resource id="7" type="1" name="100">CBF06ADD981DCA3588A1C8092DA52400</resource>
    <resource id="7" type="1" name="100">885B5EACC906143F5A5FBC46FE8ADA47</resource>
    <resource id="7" type="1" name="100">75CB594E565B7232DF391F8C06FB722F</resource>
    <resource id="7" type="1" name="100">49CF37CE1395B81E15B3A9F162C4D34E</resource>
    <resource id="7" type="1" name="100">D26FA664BC7A6B0F7DC53D4AA2468A71</resource>
    <resource id="7" type="1" name="100">DD4092D5B47C9C2BE1DB2114E9F03557</resource>
    <resource id="7" type="1" name="100">3C63650266399F0DD5DDC7481016D673</resource>
    <resource id="7" type="1" name="100">F6E73653376433FDDD9AD55521BB6043</resource>
    <resource id="7" type="1" name="100">5B697094E12F1CA8C053CEE1F534A826</resource>
    <resource id="7" type="1" name="100">C91BAE1FC957C6B257B5D09057DFFB0C</resource>
    <resource id="7" type="1" name="100">02B32306D0E4EBAD89F3FEB7D42B16E4</resource>
    <resource id="7" type="1" name="100">FFB785FEBCC17D0E116D2EF6B4D4A2FC</resource>
    <resource id="7" type="1" name="100">1C28E5FB4EED75FECD379EEA0BB86DBD</resource>
    <resource id="7" type="1" name="100">714403D8593572CB9E2D5B610FFC6EB3</resource>
    <resource id="7" type="1" name="100">068BC955D31AABCAF994BB141E21E591</resource>
    <resource id="7" type="1" name="100">787580971802A9F92FA112645158D243</resource>
    <resource id="7" type="1" name="100">A9B11B24953BD3805FEEDE9B85041A20</resource>
    <resource id="7" type="1" name="100">361237F8639164F16A20CA99C583215A</resource>
    <resource id="7" type="1" name="100">159AB8C7629FD7CF5635A8C055886480</resource>
    <resource id="7" type="1" name="100">26C88A3BBC6534EE14424B27F0B1206A</resource>
    <resource id="7" type="1" name="100">6CAE1C7E416610BC70D9D1318131D837</resource>
    <resource id="7" type="1" name="100">07E714F4A1F39156B67A1654FAF0CB1D</resource>
    <resource id="7" type="1" name="100">63EBA0BC08D9A568080506AFE17CA2E9</resource>
    <resource id="7" type="1" name="100">A1F5BC09FDF3D4C4A1E8BB29376E6B85</resource>

    <resource id="8" type="1" name="110">C8AD15FFE7C53280184269F6FEC09504</resource>
    <resource id="8" type="1" name="110">2E0885355CAC8A3390565C5DAFA6022B</resource>
    <resource id="8" type="1" name="110">05BB37CC4531FE1654D1ABBDC646CEED</resource>
    <resource id="8" type="1" name="110">32280A1FE2A95CB52E6D3F5996DFDB1C</resource>
    <resource id="8" type="1" name="110">2E8B843FEEA3A5D376BDE41235300C99</resource>
    <resource id="8" type="1" name="110">19B245C3B365A46ADD6C7E875CCA63B8</resource>
    <resource id="8" type="1" name="110">D8D5BD5B0E73779900EE253E3CA73B40</resource>
    <resource id="8" type="1" name="110">421607C11EFBCCB2ED2E18AFA3DA34A3</resource>
    <resource id="8" type="1" name="110">E47F0BBBBAF6EC8A6BA89DE01F3340DD</resource>
    <resource id="8" type="1" name="110">54F61D18E7F794580D5D821892B15C2A</resource>
    <resource id="8" type="1" name="110">30DEC2B13BD7C0DD83D74A833AA650C7</resource>
    <resource id="8" type="1" name="110">3CAC4EA2EEAE9680AB9004CB48FEB843</resource>
    <resource id="8" type="1" name="110">29C19E1DE3090617C1F272B3FE4B956C</resource>
    <resource id="8" type="1" name="110">44DEC974890AA54E1231F019810A5A7D</resource>
    <resource id="8" type="1" name="110">5CBA59151FB1D307DB19D01113C7D644</resource>
    <resource id="8" type="1" name="110">05F1A4100B82D174400D376E59EA4032</resource>
    <resource id="8" type="1" name="110">44692635ADB994B18FD1BBE1B89EAE8A</resource>
    <resource id="8" type="1" name="110">F2EFA3A7D7E1A0EA2222BC03326CE56B</resource>
    <resource id="8" type="1" name="110">F0AD1B8815E933A2E34E770439574E68</resource>
    <resource id="8" type="1" name="110">4402AAD7B76F97CD25A63556BD386F45</resource>
    <resource id="8" type="1" name="110">94D2333F0ACE68BC98CE8B379445F469</resource>
    <resource id="8" type="1" name="110">85477B0DAB461F62B51B79AF761BC042</resource>
    <resource id="8" type="1" name="110">6F1D7A5156DA1D8D609C700D7F856C57</resource>

    <resource id="9" type="1" name="200">063315629ADB9C84B22673219200D1F7</resource>
    <resource id="9" type="1" name="200">93BA82BE92A45505EE061CCBA34E5ECF</resource>
    <resource id="9" type="1" name="200">9D6C41957BE093DBD3F2E3FBF6E70609</resource>

    <resource id="10" type="1" name="210">79789DC8EB29D34D2DC4CA4597678C96</resource>
    <resource id="10" type="1" name="210">BD505B1D1A9C1E8B1FDB379637A2EB00</resource>
    <resource id="10" type="1" name="210">472C9FAC5D5C06A7C524835FC8D5AB98</resource>
    <resource id="10" type="1" name="210">875428C8A68F86911FD8D3B537BEDF87</resource>
    <resource id="10" type="1" name="210">F780A82E83114AB86869E7AC81D68473</resource>
    <resource id="10" type="1" name="210">8CFD33F4BFF0F19AAC8A8AF71B0CE30F</resource>

    <resource id="11" type="1" name="300">5DDC94F3A935D7742D868238CB8EBCA8</resource>
    <resource id="11" type="1" name="300">0EB4A39028CB3AE4D7E9CC62DAD71ACD</resource>
    <resource id="11" type="1" name="300">32AFE38C0D0DC3FDF0C3C485887D3E43</resource>
    <resource id="11" type="1" name="300">6748E3D22A0734B78EB691A3C360A767</resource>
    <resource id="11" type="1" name="300">4A7CD59B1C3C1BAA90D7C6D3182990D0</resource>

    <resource id="12" type="1" name="310">757E9E2E7CF80A929501A81F7CA1EB33</resource>
    <resource id="12" type="1" name="310">CA16B16F5905D430078E613019FEAAB1</resource>
    <resource id="12" type="1" name="310">C3B04343D9A1EBED8BE094B7D3DB2A9E</resource>
    <resource id="12" type="1" name="310">C5AF786BFD9FD1C53C8FE9F0BD9CE38B</resource>
    <resource id="12" type="1" name="310">0A451222F7037983439A58E3B44DB529</resource>
    <resource id="12" type="1" name="310">90ED3AAC2A942E3067E6471B32860E77</resource>
    <resource id="12" type="1" name="310">AF05DD5BD4C3B1FC94922C75ED4F9519</resource>

    <resource id="13" type="1" name="320">77C64818523675C19429AEE1EC8A0544</resource>
    <resource id="13" type="1" name="320">DE81BCCB6410C9E4ACB325F67F268BC5</resource>
    <resource id="13" type="1" name="320">E9356775B7B8159CFAD335FA2C2B22D5</resource>
    <resource id="13" type="1" name="320">41491A39D90ED5934E44C6A505F15EE5</resource>
    <resource id="13" type="1" name="320">D7B0560BD281FF19FF0611E0D353E191</resource>
    <resource id="13" type="1" name="320">F71DC11B5BA14E4E23B83041D878ADB3</resource>

    <resource id="14" type="1" name="330">DAC970882C0B2BBF2BA730CDD029CC15</resource>
    <resource id="14" type="1" name="330">7AF648367DBCFF7D2CEDB0129130831C</resource>
    <resource id="14" type="1" name="330">3EB35BB107D7B980380FC299BCB78339</resource>
    <resource id="14" type="1" name="330">541C3A8A0F459E81C477F257581D74B9</resource>
    <resource id="14" type="1" name="330">5503D51A4796F866F06DB06D96B2B6F2</resource>
    <resource id="14" type="1" name="330">B73040E84B34D849887B960439EE7B74</resource>
    <resource id="14" type="1" name="330">D462755A29E7D78005E4F1E643BD3A23</resource>
    <resource id="14" type="1" name="330">1470DD46FBC7A3CCF2ED443979BE87EF</resource>
    <resource id="14" type="1" name="330">255247F964ABE807FCA929BE8D7636D1</resource>
    <resource id="14" type="1" name="330">4174B6C6A8B32C89430A8B0142E55868</resource>
    <resource id="14" type="1" name="330">B075E283F89FFF26DB1C1AACAF696EC1</resource>

    <resource id="15" type="1" name="340">FE5312D721B8A2DA30D5C84E039651CB</resource>
    <resource id="15" type="1" name="340">FFCA4B680C5BBC45B7218541811B2F23</resource>
    <resource id="15" type="1" name="340">ACAB3C15838798165F41DEB1DD1B623E</resource>
    <resource id="15" type="1" name="340">F6A9C501AAC7DCE9AC5CCF82BBDC404E</resource>
    <resource id="15" type="1" name="340">3FAD76BA87D6EDE772739BE863C83B5A</resource>
    <resource id="15" type="1" name="340">2E25811C524ABE0A72EA1240DA9E00FC</resource>
    <resource id="15" type="1" name="340">2065035FBC5003C4369CCF7DCF3313A8</resource>
    <resource id="15" type="1" name="340">C0B1A95D8E2191DE7DB362CC6405FE80</resource>
    <resource id="15" type="1" name="340">C21C852B74B17597BE42E28D58739EFE</resource>
    <resource id="15" type="1" name="340">29B291AD75C93524E2D6B72A2E77F183</resource>
    <resource id="15" type="1" name="340">ADD1001134F11A0F1783F9719ECF0A34</resource>
    <resource id="15" type="1" name="340">E7B4E12CE14DCBA2010746F8DDB16A58</resource>
    <resource id="15" type="1" name="340">A160FBC7D6053ACACB1F0C1A413A4C45</resource>

    <resource id="16" type="1" name="350">6295B471FE26A142E3F55CEA4A0AF053</resource>
    <resource id="16" type="1" name="350">02BCEDCF1264C2D5217C8E741E94F037</resource>
    <resource id="16" type="1" name="350">A7755A1FF142CD6A5A434E31C12BEE74</resource>
    <resource id="16" type="1" name="350">5AA227AD281A94BDDA70072FFEEF26B7</resource>
    <resource id="16" type="1" name="350">4E93012888E56D9DED57FDB88F7E76DA</resource>
    <resource id="16" type="1" name="350">F4879D701A7E0C7E7000B8B306009F20</resource>

    <resource id="17" type="1" name="360">D15F3AB6307B00B16A901CD1CDDB79E1</resource>
    <resource id="17" type="1" name="360">73E41278C4BBBA3B306C7EB63CDEC358</resource>
    <resource id="17" type="1" name="360">1E94BA78A024E8899C819B99B0D4CC2C</resource>
    <resource id="17" type="1" name="360">65F2B0A5D69167E2E8EB76CDCFCC9BC9</resource>
    <resource id="17" type="1" name="360">B65944552F5CA6302AB035DB1B24A771</resource>
    <resource id="17" type="1" name="360">ADACC3DC9471484536AA1B262F72EFA0</resource>
    <resource id="17" type="1" name="360">0A400870F302760354EB3EBEF58E9EB9</resource>
    <resource id="17" type="1" name="360">F557CA256E937C9FD12E2F6C204F1A40</resource>
    <resource id="17" type="1" name="360">CCC1BFCE314E6DD914F6C30502A30342</resource>
    <resource id="17" type="1" name="360">05EF8D62DD1E5DF7DE6BA787B824ED44</resource>
    <resource id="17" type="1" name="360">554CFE27588E9423F6E2C47A9640993B</resource>
    <resource id="17" type="1" name="360">A8E18848F9EA6B3A299E1B6C805A7564</resource>

    <resource id="18" type="1" name="370"></resource>

    <resource id="19" type="1" name="380">0BA1831B7248135B589F5FDCD9B7CB9F</resource>
    <resource id="19" type="1" name="380">DCC9157A17E21F817D3384818CEFDA0F</resource>
    <resource id="19" type="1" name="380">D2D4506DB2896B8203998750A4010014</resource>
    <resource id="19" type="1" name="380">C134274B538EE6DCEC8AF51297549355</resource>
    <resource id="19" type="1" name="380">560F2FF1EDB5A5DD5CEA27A63C97A32B</resource>
    <resource id="19" type="1" name="380">1BE7A9A07F9BEB7D9AA634EC9DCD7DE4</resource>
    <resource id="19" type="1" name="380">E83070CA7104D41C9DBB4EB3956B94B5</resource>
    <resource id="19" type="1" name="380">6CC98FDAB476552D89A6C810C9780248</resource>

    <resource id="20" type="1" name="390">278767E0B269E408DC8AFFBE8EA44657</resource>
    <resource id="20" type="1" name="390">BAB1CA8EFFB14E5C330B488965AB3050</resource>
    <resource id="20" type="1" name="390">12D9198BAE7E3FF83A0A94F91191D73E</resource>
    <resource id="20" type="1" name="390">75E2E64FBC4240B2F782A14A7D38FBF5</resource>

    <resource id="22" type="1" name="">213F00823670FF279BCC72A79B0F00E3</resource>
    <resource id="22" type="1" name="">F265AC589740F933A30F0AF7C4A048D6</resource>
    <resource id="22" type="1" name="">D7ED7D03D3FE6F6505BEFA742304DBE6</resource>
    <resource id="22" type="1" name="">5116A41F859EC654DD9BF609688CDCD1</resource>
    <resource id="22" type="1" name="">8A407DC9759D8DD0C8B9B32E858CD63E</resource>
    <resource id="22" type="1" name="">7D3CDB98C278F5E9E33389AC56BBA098</resource>
    <resource id="22" type="1" name="">BE537B756D8E61AA684D75F46ED59685</resource>
    <resource id="22" type="1" name="">43FB66072ADD8EB17ED080ACCCD6274F</resource>
    <resource id="22" type="1" name="">11E050FA9184385D5D3EAEAD0028C659</resource>
    <resource id="22" type="1" name="">BEF052A836721603944223065DF03278</resource>
    <resource id="22" type="1" name="">DE6AD028F9014F7D62C3939EBA34C995</resource>
    <resource id="22" type="1" name="">5EE01927605E4703CEE0F2E5D5812B90</resource>
    <resource id="22" type="1" name="">86B067A58C669BF96610A854C15D2832</resource>
    <resource id="22" type="1" name="">DE40ECFF2F08541E4A5A0D94470FFE86</resource>
    <resource id="22" type="1" name="">C71D2B63FBE3F38BBA270A74853C64B4</resource>
    <resource id="22" type="1" name="">7BD38937D4711B70B0B985F4F07FE8FD</resource>
    <resource id="22" type="1" name="">6A13C17B50A406AFFF371A34E1B2C1AF</resource>
    <resource id="22" type="1" name="">58CADCC9126954A3204DD8720718587D</resource>
    <resource id="22" type="1" name="">D8A973A9B4AAB8754398EFD4A2535C56</resource>
    <resource id="22" type="1" name="">77637E2E3DFEBFF0D1DA4AEAF8463438</resource>
    <resource id="22" type="1" name="">954648FFBD241AA4A5ED799118319D54</resource>
    <resource id="22" type="1" name="">F2867A190CD54451443A6333678CD06E</resource>
    <resource id="22" type="1" name="">4D2D5129F2AB29060C6D2487745F6BEF</resource>
    <resource id="22" type="1" name="">1E377AB0B3E156D069D26E552518CD85</resource>
    
    <resource id="23" type="1" name="">264EB6533830801B97488E747D891510</resource>
    <resource id="23" type="1" name="">384A022AEBEFEC13B4218D882142DB1F</resource>
    <resource id="23" type="1" name="">1016B022E1AB1094B4A0303761B8ED1F</resource>
    <resource id="23" type="1" name="">C48F445A0E277DE95DF1014E61A75FCC</resource>
    <resource id="23" type="1" name="">904C830A1260577B0780E72737777863</resource>
    <resource id="23" type="1" name="">E663480F4094BF5C3CE27CD838EEBB0E</resource>

    <resource id="24" type="1" name="">7CB87C9A0E0C15E8DA06336D44327D59</resource>

    <resource id="25" type="1" name="">838D0D01192C393CD864CF8E7C391CD8</resource>
    <resource id="25" type="1" name="">C1B6B44825A78BF2007808F813C4C25C</resource>
    <resource id="25" type="1" name="">B4D9C8C7C549AEC53E5ED7D64349C783</resource>
    <resource id="25" type="1" name="">63BDC75737FC8AAE202A5DBAFCF6CCF6</resource>
    <resource id="25" type="1" name="">C8B08CDAF8B66217EC37DCEA2476C529</resource>
    <resource id="25" type="1" name="">3872F93E6150BED21206FE2FE28618A5</resource>
    <resource id="25" type="1" name="">0ED7649A7DE6DF5C640C9D6C7602A9DE</resource>

    <resource id="26" type="1" name="">3B7DC7C94632D90387958DA410273467</resource>

    <!-- manifests -->
    <resource id="40" type="2" name="0">E16D70327CD8942745B3B399D8FAF30A</resource>
    <resource id="40" type="2" name="0">4E541C7ED18BBD039CC07DAE957BFDAC</resource>
    <resource id="40" type="2" name="0">56B9B0E1DB298119AD65CB5442791ED7</resource>
    <resource id="40" type="2" name="0">B35DA7A899F8ECF7683B5FCE9A7F65F5</resource>
    <resource id="40" type="2" name="0">EDEAFCF009FEEBA31F946506E1034CAF</resource>
    <resource id="40" type="2" name="0">58F2BFCF0F3E0C1D62F5B7D72B5F40A1</resource>
    <resource id="40" type="2" name="0">BD62B6F553A2D1D012CC53FC325221D2</resource>
    <resource id="40" type="2" name="0">FF4C2C5BE3245F4C1BA2855987F1CDCF</resource>
    <resource id="40" type="2" name="0">248EED9439A3553E10411A55D638B25F</resource>

  </resources>

</xml>
