<resources>
    <string name="_app_name">NoRootScriptDroid</string>
    <string name="action_settings">Settings</string>
    <string name="action_disable_service">Disable Service</string>
    <string name="text_accessibility_service_description">使脚本自动操作(点击、长按、滑动等)所需，若关闭则只能执行不涉及自动操作的脚本。</string>
    <string name="text_new_file">New file</string>
    <string name="text_import_from_file">Import from file</string>
    <string name="action_exit">Exit</string>
    <string name="text_service_disabled">Service disabled</string>
    <string name="text_file_manager_not_found">Cannot find file explorerT.T</string>
    <string name="text_file_create_fail">File create fail</string>
    <string name="text_please_input_name">Please input name</string>
    <string name="text_name">Name</string>
    <string name="text_go_to_setting">Go to setting</string>
    <string name="explain_accessibility_permission">软件需要打开\"自动操作服务\"才能运行，请在随后的设置中选择\"免Root脚本精灵\"并开启服务。\n您也可以稍后在侧拉菜单中设置。</string>
    <string name="text_cancel">取消</string>
    <string name="text_path_is_empty">Path is empty</string>
    <string name="text_file_not_exists">File not exists</string>
    <string name="text_no_file_rw_permission">Permission denied</string>
    <string name="action_test">Inner 920 Test</string>
    <string name="text_no_accessibility_permission">自动操作服务未启动，脚本已停止运行</string>
    <string name="text_drawer_close">关闭侧拉菜单</string>
    <string name="text_drawer_open">打开侧拉菜单</string>
    <string name="text_undo">Undo</string>
    <string name="text_redo">Redo</string>
    <string name="text_save">Save</string>
    <string name="text_run">Run</string>
    <string name="text_alert">提示</string>
    <string name="edit_exit_without_save_warn">内容尚未保存，您确定要退出吗？</string>
    <string name="text_save_and_exit">Save&amp;Exit</string>
    <string name="text_exit_directly">Exit</string>
    <string name="text_setting">Settings</string>
    <string name="text_exit">Exit</string>
    <string name="text_auto_operate_service">自动操作服务</string>
    <string name="text_syntax_and_api">Syntax and API</string>
    <string name="text_close_all_running_scripts">关闭所有正在运行的脚本</string>
    <string name="text_about">About</string>
    <string name="text_licenses">License</string>
    <string name="text_do_not_remind_again">不再提示</string>
    <string name="text_sample_alipay_scan">Alipay QR Scan</string>
    <string name="text_sample_open_running_services">Sample: Show runnings services (Android 6.0+)</string>
    <string name="text_sample_simple_calculator">Sample: Simple Calculator</string>
    <string name="copyright">Copyright©2016 All right reserves.</string>
    <string name="developer">Aring (星尘幻影)</string>
    <string name="qq">946994919</string>
    <string name="email">hybbbb1996@gmail.com</string>
    <string name="github">Srouce Codes</string>
    <string name="text_already_copy_to_clip">已复制到剪贴板</string>
    <string name="donate_developer">Donate</string>
    <string name="text_email">邮箱</string>
    <string name="my_github">https://github.com/hyb1996/NoRootScriptDroid</string>
    <string name="share_app">[免Root脚本精灵]下载地址：https://github.com/hyb1996/NoRootScriptDroid/releases</string>
    <string name="text_assist_service">点击区域辅助服务</string>
    <string name="text_assist_service_notification">通知栏点击区域辅助开关</string>
    <string name="text_others">Others</string>
    <string name="text_assist_mode_enabled">点击区域辅助服务已开启(点击关闭)</string>
    <string name="text_assist_mode_disabled">点击区域辅助服务已关闭(点击开启)</string>
    <string name="text_error_report">Bug Report</string>
    <string name="text_sample_qq_hongbao">Sample: QQ Auto 抢红包</string>
    <string name="text_press_again_to_exit">Press again to exit</string>
    <string name="text_common_function">常用函数</string>
    <string name="sorry_for_crash">很抱歉(ಥ _ ಥ)程序遇到未知错误，即将停止运行\n错误代码：</string>
    <string name="text_no_running_script">No running script</string>
    <string name="text_already_stop_n_scripts">已停止%d个正在运行的脚本</string>
    <string name="text_start_running">Running</string>
    <string name="text_open_by_other_apps">Open by other apps</string>
    <string name="text_rename">Rename</string>
    <string name="text_rename_file_meanwhile">Rename file</string>
    <string name="text_please_input_new_name">Please input new name</string>
    <string name="text_send_shortcut">Send to shortcut</string>
    <string name="text_already_create">已创建</string>
    <string name="text_delete">删除</string>
    <string name="text_delete_absolutly">彻底删除</string>
    <string name="text_already_delete">已删除</string>
    <string name="text_delete_failed">文件删除失败</string>
    <string name="text_choose_file">选择一个文件</string>
    <string name="folder_name">/Scripts/</string>
    <string name="text_error">错误</string>
    <string name="text_load_failed">Documentation load fail/(ㄒoㄒ)/~~</string>
    <string name="text_copy_debug_info">复制调试信息</string>
    <string name="text_it_is_the_developer_of_app">It\'s developer(。・・)ノ</string>
    <string name="text_lll">lol</string>
    <string name="text_choose_email_app">请选择邮件应用</string>
    <string name="text_assist_clip">点击定位剪贴板</string>
    <string name="text_script_stopped">Script stopped</string>
    <string name="assist_mode_notice">(不会翻译)\"点击区域辅助服务\"是在要点击的区域不是文本时使用的，参见\"语法与API\"。\"点击区域辅助服务\"只有在\"自动操作服务\"开启时才有效。</string>
    <string name="text_please_choose">Please choose</string>
    <string name="text_crash">崩溃了o(≧口≦)o</string>
    <string name="crash_feedback">(不会翻译)点击\"退出\"退出程序(ಥ _ ಥ)或者提交错误报告或者复制调试信息反馈给开发者(≧∇≦)ﾉ</string>
    <string name="text_cannot_create_dialog_when_app_invisible">无法在后台显示弹框，脚本已停止运行</string>
    <string name="text_sample_for_qq_chat">Sample: QQ forcing chat</string>
    <string name="text_re_import_samples">Re-import samples</string>
    <string name="text_re_import_succeed">Import succeed</string>
    <string name="text_fail">Fail</string>
    <string name="text_clear">清空</string>
    <string name="text_console">控制台</string>
    <string name="text_sample_wechat_scan">Wechat QR Scan</string>
    <string name="text_report_bug">Bug report</string>
    <string name="text_bug_report">Bug Report</string>
    <string name="text_report_fail">Report fail</string>
    <string name="text_report_succeed">Report succeed</string>
    <string name="define_roundedimageview"></string>
</resources>
