{
  "name": "Quiet Light",
  "tokenColors": [
    {
      "settings": {
        "background": "#F5F5F5",
        "foreground": "#333333"
      }
    },
    {
      "scope": "bracket.matched",
      "settings": {
        "foreground": "#76ff03"
      }
    },
    {
      "scope": "error",
      "settings": {
        "foreground": "#f44336"
      }
    },
    {
      "scope": [
        "meta.embedded",
        "source.groovy.embedded"
      ],
      "settings": {
        "background": "#F5F5F5",
        "foreground": "#333333"
      }
    },
    {
      "name": "Comments",
      "scope": [
        "comment",
        "punctuation.definition.comment"
      ],
      "settings": {
        "fontStyle": "italic",
        "foreground": "#AAAAAA"
      }
    },
    {
      "name": "Comments: Preprocessor",
      "scope": "comment.block.preprocessor",
      "settings": {
        "fontStyle": "",
        "foreground": "#AAAAAA"
      }
    },
    {
      "name": "Comments: Documentation",
      "scope": [
        "comment.documentation",
        "comment.block.documentation"
      ],
      "settings": {
        "foreground": "#448C27"
      }
    },
    {
      "name": "Invalid - Deprecated",
      "scope": "invalid.deprecated",
      "settings": {
        "background": "#96000014"
      }
    },
    {
      "name": "Invalid - Illegal",
      "scope": "invalid.illegal",
      "settings": {
        "background": "#96000014",
        "foreground": "#660000"
      }
    },
    {
      "name": "Operators",
      "scope": "keyword.operator",
      "settings": {
        "foreground": "#777777"
      }
    },
    {
      "name": "Keywords",
      "scope": [
        "keyword",
        "storage"
      ],
      "settings": {
        "foreground": "#4B83CD"
      }
    },
    {
      "name": "Types",
      "scope": [
        "storage.type",
        "support.type"
      ],
      "settings": {
        "foreground": "#7A3E9D"
      }
    },
    {
      "name": "Language Constants",
      "scope": [
        "constant.language",
        "support.constant",
        "variable.language"
      ],
      "settings": {
        "foreground": "#AB6526"
      }
    },
    {
      "name": "Variables",
      "scope": [
        "variable",
        "support.variable"
      ],
      "settings": {
        "foreground": "#7A3E9D"
      }
    },
    {
      "name": "Functions",
      "scope": [
        "entity.name.function",
        "support.function"
      ],
      "settings": {
        "fontStyle": "bold",
        "foreground": "#AA3731"
      }
    },
    {
      "name": "Classes",
      "scope": [
        "entity.name.type",
        "entity.other.inherited-class",
        "support.class"
      ],
      "settings": {
        "fontStyle": "bold",
        "foreground": "#7A3E9D"
      }
    },
    {
      "name": "Exceptions",
      "scope": "entity.name.exception",
      "settings": {
        "foreground": "#660000"
      }
    },
    {
      "name": "Sections",
      "scope": "entity.name.section",
      "settings": {
        "fontStyle": "bold"
      }
    },
    {
      "name": "Numbers, Characters",
      "scope": [
        "constant.numeric",
        "constant.character",
        "constant"
      ],
      "settings": {
        "foreground": "#AB6526"
      }
    },
    {
      "name": "Strings",
      "scope": "string",
      "settings": {
        "foreground": "#448C27"
      }
    },
    {
      "name": "Strings: Escape Sequences",
      "scope": "constant.character.escape",
      "settings": {
        "foreground": "#777777"
      }
    },
    {
      "name": "Strings: Regular Expressions",
      "scope": "string.regexp",
      "settings": {
        "foreground": "#4B83CD"
      }
    },
    {
      "name": "Strings: Symbols",
      "scope": "constant.other.symbol",
      "settings": {
        "foreground": "#AB6526"
      }
    },
    {
      "name": "Punctuation",
      "scope": "punctuation",
      "settings": {
        "foreground": "#777777"
      }
    },
    {
      "name": "Embedded Source",
      "scope": [
        "string source",
        "text source"
      ],
      "settings": {
        "background": "#EAEBE6"
      }
    },
    {
      "name": "-----------------------------------",
      "settings": {}
    },
    {
      "name": "HTML: Doctype Declaration",
      "scope": [
        "meta.tag.sgml.doctype",
        "meta.tag.sgml.doctype string",
        "meta.tag.sgml.doctype entity.name.tag",
        "meta.tag.sgml punctuation.definition.tag.html"
      ],
      "settings": {
        "foreground": "#AAAAAA"
      }
    },
    {
      "name": "HTML: Tags",
      "scope": [
        "meta.tag",
        "punctuation.definition.tag.html",
        "punctuation.definition.tag.begin.html",
        "punctuation.definition.tag.end.html"
      ],
      "settings": {
        "foreground": "#91B3E0"
      }
    },
    {
      "name": "HTML: Tag Names",
      "scope": "entity.name.tag",
      "settings": {
        "foreground": "#4B83CD"
      }
    },
    {
      "name": "HTML: Attribute Names",
      "scope": [
        "meta.tag entity.other.attribute-name",
        "entity.other.attribute-name.html"
      ],
      "settings": {
        "fontStyle": "italic",
        "foreground": "#8190A0"
      }
    },
    {
      "name": "HTML: Entities",
      "scope": [
        "constant.character.entity",
        "punctuation.definition.entity"
      ],
      "settings": {
        "foreground": "#AB6526"
      }
    },
    {
      "name": "-----------------------------------",
      "settings": {}
    },
    {
      "name": "CSS: Selectors",
      "scope": [
        "meta.selector",
        "meta.selector entity",
        "meta.selector entity punctuation",
        "entity.name.tag.css"
      ],
      "settings": {
        "foreground": "#7A3E9D"
      }
    },
    {
      "name": "CSS: Property Names",
      "scope": [
        "meta.property-name",
        "support.type.property-name"
      ],
      "settings": {
        "foreground": "#AB6526"
      }
    },
    {
      "name": "CSS: Property Values",
      "scope": [
        "meta.property-value",
        "meta.property-value constant.other",
        "support.constant.property-value"
      ],
      "settings": {
        "foreground": "#448C27"
      }
    },
    {
      "name": "CSS: Important Keyword",
      "scope": "keyword.other.important",
      "settings": {
        "fontStyle": "bold"
      }
    },
    {
      "name": "-----------------------------------",
      "settings": {}
    },
    {
      "name": "Markup: Changed",
      "scope": "markup.changed",
      "settings": {
        "background": "#FFFFDD",
        "foreground": "#000000"
      }
    },
    {
      "name": "Markup: Deletion",
      "scope": "markup.deleted",
      "settings": {
        "background": "#FFDDDD",
        "foreground": "#000000"
      }
    },
    {
      "name": "Markup: Emphasis",
      "scope": "markup.italic",
      "settings": {
        "fontStyle": "italic"
      }
    },
    {
      "name": "Markup: Error",
      "scope": "markup.error",
      "settings": {
        "background": "#96000014",
        "foreground": "#660000"
      }
    },
    {
      "name": "Markup: Insertion",
      "scope": "markup.inserted",
      "settings": {
        "background": "#DDFFDD",
        "foreground": "#000000"
      }
    },
    {
      "name": "Markup: Link",
      "scope": "meta.link",
      "settings": {
        "foreground": "#4B83CD"
      }
    },
    {
      "name": "Markup: Output",
      "scope": [
        "markup.output",
        "markup.raw"
      ],
      "settings": {
        "foreground": "#777777"
      }
    },
    {
      "name": "Markup: Prompt",
      "scope": "markup.prompt",
      "settings": {
        "foreground": "#777777"
      }
    },
    {
      "name": "Markup: Heading",
      "scope": "markup.heading",
      "settings": {
        "foreground": "#AA3731"
      }
    },
    {
      "name": "Markup: Strong",
      "scope": "markup.bold",
      "settings": {
        "fontStyle": "bold"
      }
    },
    {
      "name": "Markup: Traceback",
      "scope": "markup.traceback",
      "settings": {
        "foreground": "#660000"
      }
    },
    {
      "name": "Markup: Underline",
      "scope": "markup.underline",
      "settings": {
        "fontStyle": "underline"
      }
    },
    {
      "name": "Markup Quote",
      "scope": "markup.quote",
      "settings": {
        "foreground": "#7A3E9D"
      }
    },
    {
      "name": "Markup Lists",
      "scope": "markup.list",
      "settings": {
        "foreground": "#4B83CD"
      }
    },
    {
      "name": "Markup Styling",
      "scope": [
        "markup.bold",
        "markup.italic"
      ],
      "settings": {
        "foreground": "#448C27"
      }
    },
    {
      "name": "Markup Inline",
      "scope": "markup.inline.raw",
      "settings": {
        "fontStyle": "",
        "foreground": "#AB6526"
      }
    },
    {
      "name": "-----------------------------------",
      "settings": {}
    },
    {
      "name": "Extra: Diff Range",
      "scope": [
        "meta.diff.range",
        "meta.diff.index",
        "meta.separator"
      ],
      "settings": {
        "background": "#DDDDFF",
        "foreground": "#434343"
      }
    },
    {
      "name": "Extra: Diff From",
      "scope": "meta.diff.header.from-file",
      "settings": {
        "background": "#FFDDDD",
        "foreground": "#434343"
      }
    },
    {
      "name": "Extra: Diff To",
      "scope": "meta.diff.header.to-file",
      "settings": {
        "background": "#DDFFDD",
        "foreground": "#434343"
      }
    },
    {
      "name": "JSX: Tags",
      "scope": [
        "punctuation.definition.tag.js",
        "punctuation.definition.tag.begin.js",
        "punctuation.definition.tag.end.js"
      ],
      "settings": {
        "foreground": "#91B3E0"
      }
    },
    {
      "name": "JSX: InnerText",
      "scope": "meta.jsx.children.js",
      "settings": {
        "foreground": "#333333ff"
      }
    }
  ],
  "colors": {
    "imeBar.background": "#ddf0f1f2",
    "imeBar.foreground": "#222327",
    "editorLineNumber.foreground": "#9DA39A",
    "editor.background": "#F5F5F5",
    "editor.foreground": "#000000",
    "editor.lineHighlightBackground": "#E4F6D4",
    "focusBorder": "#A6B39B",
    "pickerGroup.foreground": "#A6B39B",
    "pickerGroup.border": "#749351",
    "list.activeSelectionForeground": "#6c6c6c",
    "list.focusBackground": "#CADEB9",
    "list.hoverBackground": "#e0e0e0",
    "list.activeSelectionBackground": "#c4d9b1",
    "list.inactiveSelectionBackground": "#d3dbcd",
    "list.highlightForeground": "#9769dc",
    "selection.background": "#C9D0D9",
    "editorWhitespace.foreground": "#AAAAAA",
    "editor.selectionBackground": "#C9D0D9",
    "panel.background": "#F5F5F5",
    "sideBar.background": "#F2F2F2",
    "sideBarSectionHeader.background": "#ede8ef",
    "editorCursor.foreground": "#54494B",
    "inputOption.activeBorder": "#adafb7",
    "dropdown.background": "#F5F5F5",
    "editor.findMatchBackground": "#BF9CAC",
    "editor.findMatchHighlightBackground": "#edc9d8",
    "peekViewEditor.matchHighlightBackground": "#C2DFE3",
    "peekViewTitle.background": "#F2F8FC",
    "peekViewEditor.background": "#F2F8FC",
    "peekViewResult.background": "#F2F8FC",
    "peekView.border": "#705697",
    "peekViewResult.matchHighlightBackground": "#93C6D6",
    "statusBar.background": "#705697",
    "statusBar.noFolderBackground": "#705697",
    "statusBar.debuggingBackground": "#705697",
    "activityBar.background": "#EDEDF5",
    "activityBar.foreground": "#705697",
    "activityBarBadge.background": "#705697",
    "titleBar.activeBackground": "#c4b7d7",
    "button.background": "#705697",
    "notification.background": "#442e66",
    "editorGroup.dropBackground": "#C9D0D988",
    "inputValidation.infoBorder": "#4ec1e5",
    "inputValidation.infoBackground": "#f2fcff",
    "inputValidation.warningBackground": "#fffee2",
    "inputValidation.warningBorder": "#ffe055",
    "inputValidation.errorBackground": "#ffeaea",
    "inputValidation.errorBorder": "#f1897f",
    "errorForeground": "#f1897f",
    "badge.background": "#705697AA",
    "progressBar.background": "#705697"
  }
}